{"prey_behaviour_params":[[0.0,0.0,0.0,0.0,0.0],[0.39895231293122974,-0.2351879412225317,0.706927990230328,0.6879976750671285,0.9702574708756436],[0.795485738935048,0.9465707393920069,0.10235008765547671,0.6518989878126866,0.719336557027982],[0.7602952240801519,0.5218037768777295,-0.007910941381845865,-0.38676656898143347,0.6226427732846053],[0.9647532269109852,0.4513288036840103,-0.0005004621708741344,-0.43126138408448567,0.21591292949051516]],"pred_behaviour_params":[[0.0,0.0,0.0,0.0],[0.7973881987044978,0.9197473491525002,-0.391667858357468,0.9258094536671316],[0.2135392591525453,0.8281692773453339,-0.21155017080966984,0.02460757301677044],[0.9803490117193825,0.8786109099665815,-0.45014276875933995,0.3567329734855056],[0.7609133060632758,0.9539251748270169,-0.6225284003440827,0.2200779532959306]],"final_predation":[0.26799994707107544,0.030250003561377525,0.8839999958872795,0.055666666477918625,0.8429166823625565,0.056583330035209656,0.9380000047385693,0.05491667613387108]}