{"prey_behaviour_params":[[0.0,0.0,0.0,0.0,0.0],[0.39651388880048616,-0.27359238019981474,0.9348118718652085,0.9728401774401767,0.9833294664684957],[0.8397486457204608,0.8327061564044868,0.001992993630682449,-0.11255226658956963,0.8599826984619681],[0.5707940543105372,-0.43733969219888696,0.5570972022882748,0.9055505031241164,0.9271274567882669],[0.7829638328243347,0.6606682326150695,-0.03416768045757905,0.15143643437890453,0.9559455034000336], [0.42938878522897983, -0.21942391070224634, 0.8838582165542765, 0.6762420202807818, 0.8741105350997266], [0.5753937768546532, 0.31155388494015634, -0.001305139397725523, 0.7166338145212543, 0.9006420866592214], [0.64548478520237, 0.6202865523675916, -0.003004903523001397, 0.8025025720558135, 0.6700243802255416], [0.7067079849787531, -0.24764700384956706, 0.8378524737349399, 0.885238627750288, 0.9442925787391137], [0.9479902942766262, 0.13751877266174875, -0.0034947434385081766, 0.6931095100154695, 0.7383670137177314], [0.8625854608440422, 0.3495022605314507, -0.030154116527972605, 0.562388041270647, 0.924226981942405], [0.776309015360988, 0.36591442277998687, -0.009000027498006935, -0.36706156082786157, 0.8107151230905648], [0.9959457611822911, -0.9343637801846115, 0.789599117937412, 0.3953839136841126, 0.9303946715653602], [0.9823837260063281, 0.7173968051582706, -0.06616563286670976, 0.551310692418606, 0.6821960098273812], [0.6966983890227063, -0.5828272025655434, 0.838983899212603, 0.8926026826292753, 0.9660421779858542], [0.8382640760222202, 0.7203835860654244, -0.00671486738271454, 0.625498253973, 0.6535298125203312], [0.5169045229262917, -0.633979372744851, 0.6406867111907834, 0.622740642464652, 0.9424343375999066], [0.7946429791779724, 0.12381092931469723, -0.004903589624775044, 0.6291939190157613, 0.8337446583779976], [0.6887771905066988, 0.5410383522560328, -0.0015167123147019667, -0.5943213755575505, 0.4636675961291666], [0.8861001524499075, -0.5881518107537614, 0.7363619971055257, 0.6859335326842856, 0.9984882463368069], [0.482655397058822, 0.6808601636359438, -0.03203063898036157, 0.74419725574278, 0.979227252545931]],"pred_behaviour_params":[[0.0,0.0,0.0,0.0],[0.7256284953898948,0.7088946337499415,-0.9872018181863684,0.7419395947355314],[0.5001443174622116,0.8807633431052552,-0.4689333290143515,0.01698188144579367],[0.9425943908106456,0.6984205841237976,0.6354917897161088,0.5969340103977434],[0.6469065052795898,0.8557994952376817,-0.06917376989785406,0.07650101276214619], [0.9074471871243809, 0.5636877229968112, 0.4461403829362971, 0.653680663223098], [0.6582570022876183, 0.8962675529664985, 0.39735927598982146, 0.03973647388832421], [0.9322611995058185, 0.8591485468407736, 0.43502760475375873, 0.2666847071937211], [0.9557338529225073, 0.848473015228641, -0.12136776801054608, 0.3355310324810768], [0.3817173509062496, 0.8670545783957351, 0.23076710323509547, 0.0202671417142367], [0.8824725902858297, 0.7290659114913829, -0.42047186520095337, 0.1931201615255475], [0.9212314182540506, 0.7401788486633727, 0.0025608598560286078, 0.29275544236775547], [0.9949537781176697, 0.8636577599795755, -0.27289140667830647, 0.30497991036089456], [0.23149403220805215, 0.8304096047836015, -0.060523167475466766, 0.019415536907279048], [0.8116259751415419, 0.9975566220262689, 0.2809558864097921, 0.7008995194273282], [0.7965105011581964, 0.8343380394338022, -0.6136217674001745, 0.02107727526827327], [0.8723949359698998, 0.68557375648066, 0.784609948091786, 0.6545730155065494], [0.20607803266145983, 0.9331513266749418, -0.8377977282108524, 0.0024594574758677323], [0.8694655665924712, 0.7638877496004787, 0.15244773910167425, 0.3520577235867351], [0.6141160430402284, 0.5777789072688853, -0.9818798894589297, 0.36227393264795], [0.3542931817181772, 0.9140452968534625, -0.8570099379873406, 0.021542951694153406]],"final_predation":[0.2670833468437195,0.026749996468424797,0.8889166861772537,0.03799999877810478,0.93891666457057,0.05100000277161598,0.9028333351016045,0.05625000223517418,0.9252500012516975, 0.040916670113801956, 0.8977499976754189, 0.04116667062044144, 0.9399166740477085, 0.05299999564886093, 0.9417500011622906, 0.060083333402872086, 0.897999994456768, 0.02474999986588955, 0.9439166635274887, 0.06291666626930237, 0.9284166544675827, 0.05641666427254677, 0.9310833364725113, 0.06433333456516266, 0.8789999932050705, 0.04441666603088379,0.9245000183582306, 0.03305000066757202, 0.9154999926686287, 0.038099996745586395, 0.9483500085771084, 0.037349995225667953, 0.8892999961972237, 0.016599994152784348,0.9414000064134598, 0.05604998767375946, 0.9385999999940395, 0.039799999445676804, 0.8955999836325645, 0.043249987065792084]}
