{"prey_behaviour_params":[[0.5434912795008783,0.45878835898103876,0.8278511998969669,0.9798594801830436,0.5941599573121543],[0.7375231761984762,-0.8471799357778522,0.23707738211767238,0.8591679092208706,0.9120240677603682],[0.5858937690453442,0.08515221892347491,0.3163074817792718,0.9629375172003257,0.8259973970116474],[0.41410968051493485,0.2580970920998519,0.5383135490719178,0.9548941207854825,0.8688968978882475],[0.8316779118082855,-0.20936663599919916,0.45845529677813196,0.7795710997392269,0.9065540720769831],[0.7366989767717803,-0.5307112798489759,0.5052730245847684,0.7822432771475468,0.9099704629335228],[0.4450742556785471,-0.1609598752461766,0.3850114962846375,0.8266614033599595,0.7908715025407265],[0.22052955145716938,-0.03108908315230148,0.21672193731067804,0.7056738968968229,0.6195461676826074],[0.8512689985263776,-0.19894276455399904,0.7570042246059705,0.9819516007004591,0.6395337336815409]],"pred_behaviour_params":[[0.9743652540276795,-0.20327822862488437,-0.22612876961363704,-0.4092613999611435],[0.8317367284024245,0.990852641470606,-0.2984604972926495,0.06424397559859013],[0.9784421427148934,0.9448783270104325,0.10318543007889361,0.1323592475337706],[0.987430509495705,0.7878515943203892,-0.7800081808240326,0.01893756662482285],[0.7272252670677539,0.904902548149224,0.25228892133197545,0.07840118938583053],[0.9499262887839304,0.859048429813192,-0.4949781995296607,0.0011684414528205234],[0.9245767422631314,0.8557288448917508,-0.05988645210373417,0.1313006466300031],[0.8927303683007819,0.9384066680333438,0.04996287776327138,0.025039978015930026],[0.9784058705539851,0.5775981599491534,-0.341005747997144,0.12973999620825077]],"final_predation":[0.663916677236557,0.32899999618530273,0.6675833463668823,0.3549167215824127,0.6439999938011169,0.3501666784286499,0.6878333389759064,0.304500013589859,0.6439166069030762,0.3283333480358124,0.6721667349338531,0.3421666920185089,0.637833297252655,0.42249995470046997,0.596666693687439,0.2874999940395355]}