{"prey_behaviour_params":[[0.0,0.0,0.0,0.0,0.0],[0.6659383839935195,0.3644376051763594,0.46196890790994627,0.9804386177086444,0.9345939526341525],[0.767854287874317,-0.3504112217697365,0.45456258686127954,0.9524008449710997,0.5571621712804325],[0.9615839558001984,0.8892240273935993,-0.021287808735958813,0.7872880749254967,0.7868525870659295],[0.5434912795008783,0.45878835898103876,0.8278511998969669,0.9798594801830436,0.5941599573121543]],"pred_behaviour_params":[[0.0,0.0,0.0,0.0],[0.9222067195181252,0.2928248129129454,0.8115762123726997,0.9141163105763289],[0.996188394904555,0.781473699767735,-0.5519251844166985,0.07298298970934647],[0.6955871481123694,0.9597592349151436,-0.34817390683340677,0.027821437220303103],[0.9743652540276795,-0.20327822862488437,-0.22612876961363704,-0.4092613999611435]],"final_predation":[0.0,0.18074998259544373,0.6470833420753479,0.3330000638961792,0.6556666493415833,0.2763333022594452,0.21616673469543457,0.2447499930858612]}