{"prey_behaviour_params":[[0.0,0.0,0.0,0.0,0.0],[0.9602013344039906,0.2557464475444217,-0.02404920804955185,0.09139639732330204,0.6319328649661113],[0.9451620727802679,0.39306256726898325,-0.02332928712250737,0.04350845725437996,0.7807070419737676],[0.8882476178082456,-0.9933021755142974,0.6631632546634103,0.7191111035534465,0.5934915936612195],[0.5942835072783885,0.4764408963394583,-0.014779979372132102,0.8065690017890519,0.856870731005716]],"pred_behaviour_params":[[0.0,0.0,0.0,0.0],[0.9319550157559329,-0.03880072647014143,0.035547623380533876,0.11958968814992274],[0.9751808531490902,0.09329712894956718,0.0735492034257445,0.3771361590495872],[0.7203017634181694,0.05216144199423989,0.048904612698203204,0.7183260006583594],[0.4597890259042512,0.8898593906962953,0.05806220760232625,0.0260679693215099]],"final_predation":[0.24633324146270752,0.015166666358709335,0.9814999997615814,0.016499998047947884,0.9800000004470348,0.017416665330529213,0.8118333220481873,0.011166666634380817]}