{"prey_behaviour_params":[[0.0,0.0,0.0,0.0,0.0],[0.8846209820380397,-0.8228584514582239,0.5556617219317032,0.6791658650836407,0.8882859615145379],[0.7048405416854971,0.6070660583477472,-0.04557057892269098,0.9021788815698946,0.5776327690662182],[0.621632567714877,-0.48825293628686284,0.21994844091342647,0.976958276886456,0.9995236634701945],[0.8519847591522565,0.8986971190210991,0.08133726651800338,0.5178996738417067,0.9442590948130365]],"pred_behaviour_params":[[0.0,0.0,0.0,0.0],[0.9364675045072182,0.1969106806140902,-0.49010562256973755,0.5040149896318886],[0.5213798477515679,0.7491799797908862,0.10710135159402863,0.014825952960123123],[0.9659385261215522,0.15033728115116757,0.14110080420453164,0.4272867690009574],[0.10372421999053916,0.7814491580915947,-0.03315593831638297,0.014867534591576803]],"final_predation":[0.20583325624465942,0.06066666916012764,0.8199999928474426,0.054999999701976776,0.8227500170469284,0.06599999964237213,0.7961666882038116,0.020499996840953827]}