{"prey_behaviour_params":[[0.0,0.0,0.0,0.0,0.0],[0.6715685187688241,-0.9951339449458114,0.5706833791724302,0.6265349376291718,0.6411484407194739],[0.42715360488726384,0.21812189818938188,0.20400913985944705,0.5832169042657978,0.6218293062652227],[0.6923794761266938,0.04987064805990013,-0.009551083167065176,0.8730218149812197,0.9669675882677775],[0.8151421678839611,-0.8953068997184591,0.9720833717027486,0.3887817835803851,0.9373373059670357]],"pred_behaviour_params":[[0.0,0.0,0.0,0.0],[0.8450062365645622,0.9106058880753192,-0.5855611742492235,0.8064524956706073],[0.31457463563465393,-0.20720280813728995,0.5759988493605931,-0.9052521503479067],[0.5457860978777377,0.850834760254951,0.8626890710027262,0.07213594800096496],[0.9881589392486446,0.7233247679042405,-0.4675594448977605,0.5882186620109097]],"final_predation":[0.26008331775665283,0.03558332473039627,0.9284999892115593,0.0037499999161809683,0.859333336353302,0.03350000083446503,0.9505000039935112,0.03883333131670952]}