{"prey_behaviour_params":[[0.0,0.0,0.0,0.0,0.0],[0.5620791202037073,-0.14556656837898024,0.17574491282563304,0.8969244963230485,0.9913010744881885],[0.9066066722173376,0.3407740484206725,-0.3682926490122941,0.5770338614714279,0.35139152028429677],[0.9223656844319853,-0.36892639059593135,0.34833705321473246,0.9667550414009413,0.8482002632087281],[0.7819851861238426,0.5919276983560471,0.009325830632429137,0.9339229930527418,0.3184618368371408]],"pred_behaviour_params":[[0.0,0.0,0.0,0.0],[0.9885450316123414,-0.504084641511588,-0.2718261033424098,-0.09403854857044396],[0.07672907053946182,0.8196849266722983,-0.8129082502669007,0.035984304363494805],[0.9546316834158839,0.7376700770537177,-0.4781502837377936,0.11438067295093284],[0.5712478036605189,0.8105732636854641,0.07604532354850974,0.1699521051796788]],"final_predation":[0.17125004529953003,0.11891664564609528,0.7368333041667938,0.022333331406116486,0.171916663646698,0.1978333443403244,0.8011666685342789,0.07066666334867477]}