{"prey_behaviour_params":[[0.0,0.0,0.0,0.0,0.0],[0.561838982158452,-0.015737206122837077,0.6303195400496502,0.43277814603058573,0.8187658671958838],[0.623206534477462,-0.8282865194700877,0.8462298600875873,0.6659221584993795,0.9977398767494727],[0.726171232290556,0.6336529677557652,-0.05914180990069935,0.8158179624039622,0.38318005070841954],[0.5120361309621537,0.018248739253882817,0.7868666855626982,0.8782855480663891,0.9766122442273018]],"pred_behaviour_params":[[0.0,0.0,0.0,0.0],[0.9584965455478259,0.7285739169225518,0.579513268984233,0.6615859583351847],[0.9473641166743313,0.866607680864902,0.6951833894677955,0.16202102100690782],[0.6888214107616994,0.9768384347121275,-0.1794054388160563,0.07181436628467272],[0.9909940703766553,0.609038640052504,-0.2760441553412173,0.9130061725809755]],"final_predation":[0.12658333778381348,0.11466667056083679,0.8323333561420441,0.13974998891353607,0.8375833183526993,0.12933333218097687,0.7196666598320007,0.0806666687130928]}